ATL03_20181122001403_08300111_006_02.h5,geojsons/simplified_ANT_1000_West_Ep-F.geojson,AIS_2018-19_1000_West_Ep-F,geojsons/ANT_1000_West_Ep-F.geojson
ATL03_20181201182850_09790112_006_02.h5,geojsons/simplified_ANT_1000_Peninsula_Hp-I.geojson,AIS_2018-19_1000_Peninsula_Hp-I,geojsons/ANT_1000_Peninsula_Hp-I.geojson
ATL03_20181210174632_11160112_006_02.h5,geojsons/simplified_ANT_1000_Peninsula_Hp-I.geojson,AIS_2018-19_1000_Peninsula_Hp-I,geojsons/ANT_1000_Peninsula_Hp-I.geojson
ATL03_20190112161416_02320212_006_02.h5,geojsons/simplified_ANT_1000_Peninsula_Hp-I.geojson,AIS_2018-19_1000_Peninsula_Hp-I,geojsons/ANT_1000_Peninsula_Hp-I.geojson
ATL03_20190202150712_05520212_006_02.h5,geojsons/simplified_ANT_1000_Peninsula_Hp-I.geojson,AIS_2018-19_1000_Peninsula_Hp-I,geojsons/ANT_1000_Peninsula_Hp-I.geojson
ATL03_20190210145029_06740212_006_02.h5,geojsons/simplified_ANT_1000_Peninsula_Hp-I.geojson,AIS_2018-19_1000_Peninsula_Hp-I,geojsons/ANT_1000_Peninsula_Hp-I.geojson
ATL03_20201118191611_08490910_006_01.h5,geojsons/simplified_ANT_1000_Peninsula_Hp-I.geojson,AIS_2020-21_1000_Peninsula_Hp-I,geojsons/ANT_1000_Peninsula_Hp-I.geojson
ATL03_20201213180035_12300910_006_01.h5,geojsons/simplified_ANT_1000_Peninsula_Hp-I.geojson,AIS_2020-21_1000_Peninsula_Hp-I,geojsons/ANT_1000_Peninsula_Hp-I.geojson
ATL03_20201217175216_12910910_006_01.h5,geojsons/simplified_ANT_1000_Peninsula_Hp-I.geojson,AIS_2020-21_1000_Peninsula_Hp-I,geojsons/ANT_1000_Peninsula_Hp-I.geojson
ATL03_20201229172717_00871010_006_01.h5,geojsons/simplified_ANT_1000_Peninsula_Hp-I.geojson,AIS_2020-21_1000_Peninsula_Hp-I,geojsons/ANT_1000_Peninsula_Hp-I.geojson
ATL03_20210123161143_04681010_006_01.h5,geojsons/simplified_ANT_1000_Peninsula_Hp-I.geojson,AIS_2020-21_1000_Peninsula_Hp-I,geojsons/ANT_1000_Peninsula_Hp-I.geojson
ATL03_20210213150425_07881010_006_01.h5,geojsons/simplified_ANT_1000_Peninsula_Hp-I.geojson,AIS_2020-21_1000_Peninsula_Hp-I,geojsons/ANT_1000_Peninsula_Hp-I.geojson
ATL03_20190101161341_00640212_006_02.h5,geojsons/simplified_ANT_1000_Peninsula_Ipp-J.geojson,AIS_2018-19_1000_Peninsula_Ipp-J,geojsons/ANT_1000_Peninsula_Ipp-J.geojson
ATL03_20190105160520_01250212_006_02.h5,geojsons/simplified_ANT_1000_Peninsula_Ipp-J.geojson,AIS_2018-19_1000_Peninsula_Ipp-J,geojsons/ANT_1000_Peninsula_Ipp-J.geojson
ATL03_20190126145807_04450212_006_02.h5,geojsons/simplified_ANT_1000_Peninsula_Ipp-J.geojson,AIS_2018-19_1000_Peninsula_Ipp-J,geojsons/ANT_1000_Peninsula_Ipp-J.geojson
ATL03_20190130144951_05060212_006_02.h5,geojsons/simplified_ANT_1000_Peninsula_Ipp-J.geojson,AIS_2018-19_1000_Peninsula_Ipp-J,geojsons/ANT_1000_Peninsula_Ipp-J.geojson
ATL03_20190203144133_05670212_006_02.h5,geojsons/simplified_ANT_1000_Peninsula_Ipp-J.geojson,AIS_2018-19_1000_Peninsula_Ipp-J,geojsons/ANT_1000_Peninsula_Ipp-J.geojson
ATL03_20191123114545_08790510_006_01.h5,geojsons/simplified_ANT_1000_Peninsula_Ipp-J.geojson,AIS_2019-20_1000_Peninsula_Ipp-J,geojsons/ANT_1000_Peninsula_Ipp-J.geojson
ATL03_20191127113724_09400510_006_01.h5,geojsons/simplified_ANT_1000_Peninsula_Ipp-J.geojson,AIS_2019-20_1000_Peninsula_Ipp-J,geojsons/ANT_1000_Peninsula_Ipp-J.geojson
ATL03_20191226101326_13820510_006_01.h5,geojsons/simplified_ANT_1000_Peninsula_Ipp-J.geojson,AIS_2019-20_1000_Peninsula_Ipp-J,geojsons/ANT_1000_Peninsula_Ipp-J.geojson
ATL03_20201128180813_10010910_006_01.h5,geojsons/simplified_ANT_1000_Peninsula_Ipp-J.geojson,AIS_2020-21_1000_Peninsula_Ipp-J,geojsons/ANT_1000_Peninsula_Ipp-J.geojson
ATL03_20201219170058_13210910_006_01.h5,geojsons/simplified_ANT_1000_Peninsula_Ipp-J.geojson,AIS_2020-21_1000_Peninsula_Ipp-J,geojsons/ANT_1000_Peninsula_Ipp-J.geojson
ATL03_20201223165238_13820910_006_01.h5,geojsons/simplified_ANT_1000_Peninsula_Ipp-J.geojson,AIS_2020-21_1000_Peninsula_Ipp-J,geojsons/ANT_1000_Peninsula_Ipp-J.geojson
ATL03_20210121152844_04371010_006_01.h5,geojsons/simplified_ANT_1000_Peninsula_Ipp-J.geojson,AIS_2020-21_1000_Peninsula_Ipp-J,geojsons/ANT_1000_Peninsula_Ipp-J.geojson
ATL03_20210125152023_04981010_006_01.h5,geojsons/simplified_ANT_1000_Peninsula_Ipp-J.geojson,AIS_2020-21_1000_Peninsula_Ipp-J,geojsons/ANT_1000_Peninsula_Ipp-J.geojson
ATL03_20181122032821_08320112_006_02.h5,geojsons/simplified_ANT_1000_East_Dp-E.geojson,AIS_2018-19_1000_East_Dp-E,geojsons/ANT_1000_East_Dp-E.geojson
ATL03_20181205023737_10300112_006_02.h5,geojsons/simplified_ANT_1000_East_Dp-E.geojson,AIS_2018-19_1000_East_Dp-E,geojsons/ANT_1000_East_Dp-E.geojson
ATL03_20181217021239_12130112_006_02.h5,geojsons/simplified_ANT_1000_East_Dp-E.geojson,AIS_2018-19_1000_East_Dp-E,geojsons/ANT_1000_East_Dp-E.geojson
ATL03_20190103011346_00850212_006_02.h5,geojsons/simplified_ANT_1000_East_Dp-E.geojson,AIS_2018-19_1000_East_Dp-E,geojsons/ANT_1000_East_Dp-E.geojson
ATL03_20190119004019_03290212_006_02.h5,geojsons/simplified_ANT_1000_East_Dp-E.geojson,AIS_2018-19_1000_East_Dp-E,geojsons/ANT_1000_East_Dp-E.geojson
ATL03_20191120205410_08390510_006_01.h5,geojsons/simplified_ANT_1000_East_Dp-E.geojson,AIS_2019-20_1000_East_Dp-E,geojsons/ANT_1000_East_Dp-E.geojson
ATL03_20191124204550_09000510_006_01.h5,geojsons/simplified_ANT_1000_East_Dp-E.geojson,AIS_2019-20_1000_East_Dp-E,geojsons/ANT_1000_East_Dp-E.geojson
ATL03_20191211194649_11590510_006_01.h5,geojsons/simplified_ANT_1000_East_Dp-E.geojson,AIS_2019-20_1000_East_Dp-E,geojsons/ANT_1000_East_Dp-E.geojson
ATL03_20201118033318_08390910_006_01.h5,geojsons/simplified_ANT_1000_East_Dp-E.geojson,AIS_2020-21_1000_East_Dp-E,geojsons/ANT_1000_East_Dp-E.geojson
ATL03_20201122032459_09000910_006_01.h5,geojsons/simplified_ANT_1000_East_Dp-E.geojson,AIS_2020-21_1000_East_Dp-E,geojsons/ANT_1000_East_Dp-E.geojson
ATL03_20201205023420_10980910_006_01.h5,geojsons/simplified_ANT_1000_East_Dp-E.geojson,AIS_2020-21_1000_East_Dp-E,geojsons/ANT_1000_East_Dp-E.geojson
ATL03_20201221020103_13420910_006_01.h5,geojsons/simplified_ANT_1000_East_Dp-E.geojson,AIS_2020-21_1000_East_Dp-E,geojsons/ANT_1000_East_Dp-E.geojson
ATL03_20201230011844_00921010_006_01.h5,geojsons/simplified_ANT_1000_East_Dp-E.geojson,AIS_2020-21_1000_East_Dp-E,geojsons/ANT_1000_East_Dp-E.geojson
ATL03_20210103011025_01531010_006_01.h5,geojsons/simplified_ANT_1000_East_Dp-E.geojson,AIS_2020-21_1000_East_Dp-E,geojsons/ANT_1000_East_Dp-E.geojson
ATL03_20210111005348_02751010_006_01.h5,geojsons/simplified_ANT_1000_East_Dp-E.geojson,AIS_2020-21_1000_East_Dp-E,geojsons/ANT_1000_East_Dp-E.geojson
ATL03_20181120182818_08110112_006_02.h5,geojsons/simplified_ANT_1000_Peninsula_I-Ipp.geojson,AIS_2018-19_1000_Peninsula_I-Ipp,geojsons/ANT_1000_Peninsula_I-Ipp.geojson
ATL03_20181125175410_08870112_006_02.h5,geojsons/simplified_ANT_1000_Peninsula_I-Ipp.geojson,AIS_2018-19_1000_Peninsula_I-Ipp,geojsons/ANT_1000_Peninsula_I-Ipp.geojson
ATL03_20181215171233_11920112_006_02.h5,geojsons/simplified_ANT_1000_Peninsula_I-Ipp.geojson,AIS_2018-19_1000_Peninsula_I-Ipp,geojsons/ANT_1000_Peninsula_I-Ipp.geojson
ATL03_20181219170415_12530112_006_02.h5,geojsons/simplified_ANT_1000_Peninsula_I-Ipp.geojson,AIS_2018-19_1000_Peninsula_I-Ipp,geojsons/ANT_1000_Peninsula_I-Ipp.geojson
ATL03_20181223165556_13140112_006_02.h5,geojsons/simplified_ANT_1000_Peninsula_I-Ipp.geojson,AIS_2018-19_1000_Peninsula_I-Ipp,geojsons/ANT_1000_Peninsula_I-Ipp.geojson
ATL03_20190105160520_01250212_006_02.h5,geojsons/simplified_ANT_1000_Peninsula_I-Ipp.geojson,AIS_2018-19_1000_Peninsula_I-Ipp,geojsons/ANT_1000_Peninsula_I-Ipp.geojson
ATL03_20190122150622_03840212_006_02.h5,geojsons/simplified_ANT_1000_Peninsula_I-Ipp.geojson,AIS_2018-19_1000_Peninsula_I-Ipp,geojsons/ANT_1000_Peninsula_I-Ipp.geojson
ATL03_20190125152345_04300212_006_02.h5,geojsons/simplified_ANT_1000_Peninsula_I-Ipp.geojson,AIS_2018-19_1000_Peninsula_I-Ipp,geojsons/ANT_1000_Peninsula_I-Ipp.geojson
ATL03_20190130144951_05060212_006_02.h5,geojsons/simplified_ANT_1000_Peninsula_I-Ipp.geojson,AIS_2018-19_1000_Peninsula_I-Ipp,geojsons/ANT_1000_Peninsula_I-Ipp.geojson
ATL03_20190215141629_07500212_006_02.h5,geojsons/simplified_ANT_1000_Peninsula_I-Ipp.geojson,AIS_2018-19_1000_Peninsula_I-Ipp,geojsons/ANT_1000_Peninsula_I-Ipp.geojson
ATL03_20190219140808_08110212_006_02.h5,geojsons/simplified_ANT_1000_Peninsula_I-Ipp.geojson,AIS_2018-19_1000_Peninsula_I-Ipp,geojsons/ANT_1000_Peninsula_I-Ipp.geojson
ATL03_20191118121944_08030510_006_01.h5,geojsons/simplified_ANT_1000_Peninsula_I-Ipp.geojson,AIS_2019-20_1000_Peninsula_I-Ipp,geojsons/ANT_1000_Peninsula_I-Ipp.geojson
ATL03_20191122121124_08640510_006_01.h5,geojsons/simplified_ANT_1000_Peninsula_I-Ipp.geojson,AIS_2019-20_1000_Peninsula_I-Ipp,geojsons/ANT_1000_Peninsula_I-Ipp.geojson
ATL03_20191130115443_09860510_006_01.h5,geojsons/simplified_ANT_1000_Peninsula_I-Ipp.geojson,AIS_2019-20_1000_Peninsula_I-Ipp,geojsons/ANT_1000_Peninsula_I-Ipp.geojson
ATL03_20191205112043_10620510_006_01.h5,geojsons/simplified_ANT_1000_Peninsula_I-Ipp.geojson,AIS_2019-20_1000_Peninsula_I-Ipp,geojsons/ANT_1000_Peninsula_I-Ipp.geojson
ATL03_20191213110403_11840510_006_01.h5,geojsons/simplified_ANT_1000_Peninsula_I-Ipp.geojson,AIS_2019-20_1000_Peninsula_I-Ipp,geojsons/ANT_1000_Peninsula_I-Ipp.geojson
ATL03_20191217105544_12450510_006_01.h5,geojsons/simplified_ANT_1000_Peninsula_I-Ipp.geojson,AIS_2019-20_1000_Peninsula_I-Ipp,geojsons/ANT_1000_Peninsula_I-Ipp.geojson
ATL03_20191225103905_13670510_006_01.h5,geojsons/simplified_ANT_1000_Peninsula_I-Ipp.geojson,AIS_2019-20_1000_Peninsula_I-Ipp,geojsons/ANT_1000_Peninsula_I-Ipp.geojson
ATL03_20201115185852_08030910_006_01.h5,geojsons/simplified_ANT_1000_Peninsula_I-Ipp.geojson,AIS_2020-21_1000_Peninsula_I-Ipp,geojsons/ANT_1000_Peninsula_I-Ipp.geojson
ATL03_20201119185032_08640910_006_01.h5,geojsons/simplified_ANT_1000_Peninsula_I-Ipp.geojson,AIS_2020-21_1000_Peninsula_I-Ipp,geojsons/ANT_1000_Peninsula_I-Ipp.geojson
ATL03_20201127183353_09860910_006_01.h5,geojsons/simplified_ANT_1000_Peninsula_I-Ipp.geojson,AIS_2020-21_1000_Peninsula_I-Ipp,geojsons/ANT_1000_Peninsula_I-Ipp.geojson
ATL03_20201210174315_11840910_006_01.h5,geojsons/simplified_ANT_1000_Peninsula_I-Ipp.geojson,AIS_2020-21_1000_Peninsula_I-Ipp,geojsons/ANT_1000_Peninsula_I-Ipp.geojson
ATL03_20201214173457_12450910_006_01.h5,geojsons/simplified_ANT_1000_Peninsula_I-Ipp.geojson,AIS_2020-21_1000_Peninsula_I-Ipp,geojsons/ANT_1000_Peninsula_I-Ipp.geojson
ATL03_20201218172637_13060910_006_01.h5,geojsons/simplified_ANT_1000_Peninsula_I-Ipp.geojson,AIS_2020-21_1000_Peninsula_I-Ipp,geojsons/ANT_1000_Peninsula_I-Ipp.geojson
ATL03_20201222171817_13670910_006_01.h5,geojsons/simplified_ANT_1000_Peninsula_I-Ipp.geojson,AIS_2020-21_1000_Peninsula_I-Ipp,geojsons/ANT_1000_Peninsula_I-Ipp.geojson
ATL03_20201230170138_01021010_006_01.h5,geojsons/simplified_ANT_1000_Peninsula_I-Ipp.geojson,AIS_2020-21_1000_Peninsula_I-Ipp,geojsons/ANT_1000_Peninsula_I-Ipp.geojson
ATL03_20201231163600_01171010_006_01.h5,geojsons/simplified_ANT_1000_Peninsula_I-Ipp.geojson,AIS_2020-21_1000_Peninsula_I-Ipp,geojsons/ANT_1000_Peninsula_I-Ipp.geojson
ATL03_20210116160241_03611010_006_01.h5,geojsons/simplified_ANT_1000_Peninsula_I-Ipp.geojson,AIS_2020-21_1000_Peninsula_I-Ipp,geojsons/ANT_1000_Peninsula_I-Ipp.geojson
ATL03_20210128153745_05441010_006_01.h5,geojsons/simplified_ANT_1000_Peninsula_I-Ipp.geojson,AIS_2020-21_1000_Peninsula_I-Ipp,geojsons/ANT_1000_Peninsula_I-Ipp.geojson
ATL03_20210129151205_05591010_006_01.h5,geojsons/simplified_ANT_1000_Peninsula_I-Ipp.geojson,AIS_2020-21_1000_Peninsula_I-Ipp,geojsons/ANT_1000_Peninsula_I-Ipp.geojson
ATL03_20210206145527_06811010_006_01.h5,geojsons/simplified_ANT_1000_Peninsula_I-Ipp.geojson,AIS_2020-21_1000_Peninsula_I-Ipp,geojsons/ANT_1000_Peninsula_I-Ipp.geojson
ATL03_20210222142207_09251010_006_01.h5,geojsons/simplified_ANT_1000_Peninsula_I-Ipp.geojson,AIS_2020-21_1000_Peninsula_I-Ipp,geojsons/ANT_1000_Peninsula_I-Ipp.geojson
ATL03_20210226141345_09861010_006_01.h5,geojsons/simplified_ANT_1000_Peninsula_I-Ipp.geojson,AIS_2020-21_1000_Peninsula_I-Ipp,geojsons/ANT_1000_Peninsula_I-Ipp.geojson
ATL03_20181129033130_09390111_006_02.h5,geojsons/simplified_ANT_1000_East_E-Ep.geojson,AIS_2018-19_1000_East_E-Ep,geojsons/ANT_1000_East_E-Ep.geojson
ATL03_20181208024914_10760111_006_02.h5,geojsons/simplified_ANT_1000_East_E-Ep.geojson,AIS_2018-19_1000_East_E-Ep,geojsons/ANT_1000_East_E-Ep.geojson
ATL03_20190101015921_00550211_006_02.h5,geojsons/simplified_ANT_1000_East_E-Ep.geojson,AIS_2018-19_1000_East_E-Ep,geojsons/ANT_1000_East_E-Ep.geojson
ATL03_20190118010013_03140211_006_02.h5,geojsons/simplified_ANT_1000_East_E-Ep.geojson,AIS_2018-19_1000_East_E-Ep,geojsons/ANT_1000_East_E-Ep.geojson
ATL03_20190122005201_03750211_006_02.h5,geojsons/simplified_ANT_1000_East_E-Ep.geojson,AIS_2018-19_1000_East_E-Ep,geojsons/ANT_1000_East_E-Ep.geojson
ATL03_20200116073928_03140611_006_01.h5,geojsons/simplified_ANT_1000_East_E-Ep.geojson,AIS_2019-20_1000_East_E-Ep,geojsons/ANT_1000_East_E-Ep.geojson
ATL03_20200120073108_03750611_006_01.h5,geojsons/simplified_ANT_1000_East_E-Ep.geojson,AIS_2019-20_1000_East_E-Ep,geojsons/ANT_1000_East_E-Ep.geojson
ATL03_20201211155101_11980911_006_01.h5,geojsons/simplified_ANT_1000_East_E-Ep.geojson,AIS_2020-21_1000_East_E-Ep,geojsons/ANT_1000_East_E-Ep.geojson
ATL03_20201225080953_00201010_006_01.h5,geojsons/simplified_ANT_1000_East_B-C.geojson,AIS_2020-21_1000_East_B-C,geojsons/ANT_1000_East_B-C.geojson
ATL03_20210107071914_02181010_006_01.h5,geojsons/simplified_ANT_1000_East_B-C.geojson,AIS_2020-21_1000_East_B-C,geojsons/ANT_1000_East_B-C.geojson
ATL03_20181214173812_11770112_006_02.h5,geojsons/simplified_ANT_1000_Peninsula_Hp-I.geojson,AIS_2018-19_1000_Peninsula_Hp-I,geojsons/ANT_1000_Peninsula_Hp-I.geojson
ATL03_20191220111304_12910510_006_01.h5,geojsons/simplified_ANT_1000_Peninsula_Hp-I.geojson,AIS_2019-20_1000_Peninsula_Hp-I,geojsons/ANT_1000_Peninsula_Hp-I.geojson
ATL03_20201205181714_11080910_006_01.h5,geojsons/simplified_ANT_1000_Peninsula_Hp-I.geojson,AIS_2020-21_1000_Peninsula_Hp-I,geojsons/ANT_1000_Peninsula_Hp-I.geojson
ATL03_20210103165319_01631010_006_01.h5,geojsons/simplified_ANT_1000_Peninsula_Hp-I.geojson,AIS_2020-21_1000_Peninsula_Hp-I,geojsons/ANT_1000_Peninsula_Hp-I.geojson
ATL03_20190109155659_01860212_006_02.h5,geojsons/simplified_ANT_1000_Peninsula_Ipp-J.geojson,AIS_2018-19_1000_Peninsula_Ipp-J,geojsons/ANT_1000_Peninsula_Ipp-J.geojson
ATL03_20190207143312_06280212_006_02.h5,geojsons/simplified_ANT_1000_Peninsula_Ipp-J.geojson,AIS_2018-19_1000_Peninsula_Ipp-J,geojsons/ANT_1000_Peninsula_Ipp-J.geojson
ATL03_20191201112903_10010510_006_01.h5,geojsons/simplified_ANT_1000_Peninsula_Ipp-J.geojson,AIS_2019-20_1000_Peninsula_Ipp-J,geojsons/ANT_1000_Peninsula_Ipp-J.geojson
ATL03_20201120182453_08790910_006_01.h5,geojsons/simplified_ANT_1000_Peninsula_Ipp-J.geojson,AIS_2020-21_1000_Peninsula_Ipp-J,geojsons/ANT_1000_Peninsula_Ipp-J.geojson
ATL03_20201124181634_09400910_006_01.h5,geojsons/simplified_ANT_1000_Peninsula_Ipp-J.geojson,AIS_2020-21_1000_Peninsula_Ipp-J,geojsons/ANT_1000_Peninsula_Ipp-J.geojson
ATL03_20201227164418_00561010_006_01.h5,geojsons/simplified_ANT_1000_Peninsula_Ipp-J.geojson,AIS_2020-21_1000_Peninsula_Ipp-J,geojsons/ANT_1000_Peninsula_Ipp-J.geojson
ATL03_20210117153658_03761010_006_01.h5,geojsons/simplified_ANT_1000_Peninsula_Ipp-J.geojson,AIS_2020-21_1000_Peninsula_Ipp-J,geojsons/ANT_1000_Peninsula_Ipp-J.geojson
ATL03_20181118033644_07710112_006_02.h5,geojsons/simplified_ANT_1000_East_Dp-E.geojson,AIS_2018-19_1000_East_Dp-E,geojsons/ANT_1000_East_Dp-E.geojson
ATL03_20181201024556_09690112_006_02.h5,geojsons/simplified_ANT_1000_East_Dp-E.geojson,AIS_2018-19_1000_East_Dp-E,geojsons/ANT_1000_East_Dp-E.geojson
ATL03_20181225015601_13350112_006_02.h5,geojsons/simplified_ANT_1000_East_Dp-E.geojson,AIS_2018-19_1000_East_Dp-E,geojsons/ANT_1000_East_Dp-E.geojson
ATL03_20181230012204_00240212_006_02.h5,geojsons/simplified_ANT_1000_East_Dp-E.geojson,AIS_2018-19_1000_East_Dp-E,geojsons/ANT_1000_East_Dp-E.geojson
ATL03_20190115004839_02680212_006_02.h5,geojsons/simplified_ANT_1000_East_Dp-E.geojson,AIS_2018-19_1000_East_Dp-E,geojsons/ANT_1000_East_Dp-E.geojson
ATL03_20191116210231_07780510_006_01.h5,geojsons/simplified_ANT_1000_East_Dp-E.geojson,AIS_2019-20_1000_East_Dp-E,geojsons/ANT_1000_East_Dp-E.geojson
ATL03_20191207195509_10980510_006_01.h5,geojsons/simplified_ANT_1000_East_Dp-E.geojson,AIS_2019-20_1000_East_Dp-E,geojsons/ANT_1000_East_Dp-E.geojson
ATL03_20210119003704_03971010_006_01.h5,geojsons/simplified_ANT_1000_East_Dp-E.geojson,AIS_2020-21_1000_East_Dp-E,geojsons/ANT_1000_East_Dp-E.geojson
ATL03_20210123002849_04581010_006_01.h5,geojsons/simplified_ANT_1000_East_Dp-E.geojson,AIS_2020-21_1000_East_Dp-E,geojsons/ANT_1000_East_Dp-E.geojson
ATL03_20210204233811_06561010_006_01.h5,geojsons/simplified_ANT_1000_East_Dp-E.geojson,AIS_2020-21_1000_East_Dp-E,geojsons/ANT_1000_East_Dp-E.geojson
ATL03_20210208232951_07171010_006_01.h5,geojsons/simplified_ANT_1000_East_Dp-E.geojson,AIS_2020-21_1000_East_Dp-E,geojsons/ANT_1000_East_Dp-E.geojson
ATL03_20210212232133_07781010_006_01.h5,geojsons/simplified_ANT_1000_East_Dp-E.geojson,AIS_2020-21_1000_East_Dp-E,geojsons/ANT_1000_East_Dp-E.geojson
ATL03_20181207172913_10700112_006_02.h5,geojsons/simplified_ANT_1000_Peninsula_I-Ipp.geojson,AIS_2018-19_1000_Peninsula_I-Ipp,geojsons/ANT_1000_Peninsula_I-Ipp.geojson
ATL03_20191204114622_10470510_006_01.h5,geojsons/simplified_ANT_1000_Peninsula_I-Ipp.geojson,AIS_2019-20_1000_Peninsula_I-Ipp,geojsons/ANT_1000_Peninsula_I-Ipp.geojson
ATL03_20191221104725_13060510_006_01.h5,geojsons/simplified_ANT_1000_Peninsula_I-Ipp.geojson,AIS_2019-20_1000_Peninsula_I-Ipp,geojsons/ANT_1000_Peninsula_I-Ipp.geojson
ATL03_20200221203851_08720612_006_01.h5,geojsons/simplified_ANT_1000_Peninsula_I-Ipp.geojson,AIS_2019-20_1000_Peninsula_I-Ipp,geojsons/ANT_1000_Peninsula_I-Ipp.geojson
ATL03_20201123184213_09250910_006_01.h5,geojsons/simplified_ANT_1000_Peninsula_I-Ipp.geojson,AIS_2020-21_1000_Peninsula_I-Ipp,geojsons/ANT_1000_Peninsula_I-Ipp.geojson
ATL03_20201226170958_00411010_006_01.h5,geojsons/simplified_ANT_1000_Peninsula_I-Ipp.geojson,AIS_2020-21_1000_Peninsula_I-Ipp,geojsons/ANT_1000_Peninsula_I-Ipp.geojson
ATL03_20210202150344_06201010_006_01.h5,geojsons/simplified_ANT_1000_Peninsula_I-Ipp.geojson,AIS_2020-21_1000_Peninsula_I-Ipp,geojsons/ANT_1000_Peninsula_I-Ipp.geojson
ATL03_20210214143845_08031010_006_01.h5,geojsons/simplified_ANT_1000_Peninsula_I-Ipp.geojson,AIS_2020-21_1000_Peninsula_I-Ipp,geojsons/ANT_1000_Peninsula_I-Ipp.geojson
ATL03_20210218143025_08641010_006_01.h5,geojsons/simplified_ANT_1000_Peninsula_I-Ipp.geojson,AIS_2020-21_1000_Peninsula_I-Ipp,geojsons/ANT_1000_Peninsula_I-Ipp.geojson
ATL03_20181125033951_08780111_006_02.h5,geojsons/simplified_ANT_1000_East_E-Ep.geojson,AIS_2018-19_1000_East_E-Ep,geojsons/ANT_1000_East_E-Ep.geojson
ATL03_20181230170458_00340212_006_02.h5,geojsons/simplified_ANT_1000_Peninsula_Hp-I.geojson,AIS_2018-19_1000_Peninsula_Hp-I,geojsons/ANT_1000_Peninsula_Hp-I.geojson
ATL03_20190104163100_01100212_006_02.h5,geojsons/simplified_ANT_1000_Peninsula_Hp-I.geojson,AIS_2018-19_1000_Peninsula_Hp-I,geojsons/ANT_1000_Peninsula_Hp-I.geojson
ATL03_20201122190753_09100910_006_01.h5,geojsons/simplified_ANT_1000_Peninsula_Hp-I.geojson,AIS_2020-21_1000_Peninsula_Hp-I,geojsons/ANT_1000_Peninsula_Hp-I.geojson
ATL03_20201225173537_00261010_006_01.h5,geojsons/simplified_ANT_1000_Peninsula_Hp-I.geojson,AIS_2020-21_1000_Peninsula_Hp-I,geojsons/ANT_1000_Peninsula_Hp-I.geojson
ATL03_20201230170138_01021010_006_01.h5,geojsons/simplified_ANT_1000_Peninsula_Hp-I.geojson,AIS_2020-21_1000_Peninsula_Hp-I,geojsons/ANT_1000_Peninsula_Hp-I.geojson
ATL03_20210111163642_02851010_006_01.h5,geojsons/simplified_ANT_1000_Peninsula_Hp-I.geojson,AIS_2020-21_1000_Peninsula_Hp-I,geojsons/ANT_1000_Peninsula_Hp-I.geojson
ATL03_20210115162821_03461010_006_01.h5,geojsons/simplified_ANT_1000_Peninsula_Hp-I.geojson,AIS_2020-21_1000_Peninsula_Hp-I,geojsons/ANT_1000_Peninsula_Hp-I.geojson
ATL03_20210119161959_04071010_006_01.h5,geojsons/simplified_ANT_1000_Peninsula_Hp-I.geojson,AIS_2020-21_1000_Peninsula_Hp-I,geojsons/ANT_1000_Peninsula_Hp-I.geojson
ATL03_20210201152923_06051010_006_01.h5,geojsons/simplified_ANT_1000_Peninsula_Hp-I.geojson,AIS_2020-21_1000_Peninsula_Hp-I,geojsons/ANT_1000_Peninsula_Hp-I.geojson
ATL03_20181207172913_10700112_006_02.h5,geojsons/simplified_ANT_1000_Peninsula_Ipp-J.geojson,AIS_2018-19_1000_Peninsula_Ipp-J,geojsons/ANT_1000_Peninsula_Ipp-J.geojson
ATL03_20200205211209_06280612_006_01.h5,geojsons/simplified_ANT_1000_Peninsula_Ipp-J.geojson,AIS_2019-20_1000_Peninsula_Ipp-J,geojsons/ANT_1000_Peninsula_Ipp-J.geojson
ATL03_20201231163600_01171010_006_01.h5,geojsons/simplified_ANT_1000_Peninsula_Ipp-J.geojson,AIS_2020-21_1000_Peninsula_Ipp-J,geojsons/ANT_1000_Peninsula_Ipp-J.geojson
ATL03_20211204134432_11161312_006_01.h5,geojsons/simplified_ANT_1000_Peninsula_Hp-I.geojson,AIS_2021-22_1000_Peninsula_Hp-I,geojsons/ANT_1000_Peninsula_Hp-I.geojson
ATL03_20221222194213_00341812_006_01.h5,geojsons/simplified_ANT_1000_Peninsula_Hp-I.geojson,AIS_2022-23_1000_Peninsula_Hp-I,geojsons/ANT_1000_Peninsula_Hp-I.geojson
ATL03_20230104185133_02321812_006_01.h5,geojsons/simplified_ANT_1000_Peninsula_Hp-I.geojson,AIS_2022-23_1000_Peninsula_Hp-I,geojsons/ANT_1000_Peninsula_Hp-I.geojson
ATL03_20230206171923_07351812_006_01.h5,geojsons/simplified_ANT_1000_Peninsula_Hp-I.geojson,AIS_2022-23_1000_Peninsula_Hp-I,geojsons/ANT_1000_Peninsula_Hp-I.geojson
ATL03_20211127133533_10091312_006_01.h5,geojsons/simplified_ANT_1000_Peninsula_Ipp-J.geojson,AIS_2021-22_1000_Peninsula_Ipp-J,geojsons/ANT_1000_Peninsula_Ipp-J.geojson
ATL03_20211205131854_11311312_006_01.h5,geojsons/simplified_ANT_1000_Peninsula_Ipp-J.geojson,AIS_2021-22_1000_Peninsula_Ipp-J,geojsons/ANT_1000_Peninsula_Ipp-J.geojson
ATL03_20211226121136_00641412_006_01.h5,geojsons/simplified_ANT_1000_Peninsula_Ipp-J.geojson,AIS_2021-22_1000_Peninsula_Ipp-J,geojsons/ANT_1000_Peninsula_Ipp-J.geojson
ATL03_20221129200636_10701712_006_01.h5,geojsons/simplified_ANT_1000_Peninsula_Ipp-J.geojson,AIS_2022-23_1000_Peninsula_Ipp-J,geojsons/ANT_1000_Peninsula_Ipp-J.geojson
ATL03_20230101183418_01861812_006_01.h5,geojsons/simplified_ANT_1000_Peninsula_Ipp-J.geojson,AIS_2022-23_1000_Peninsula_Ipp-J,geojsons/ANT_1000_Peninsula_Ipp-J.geojson
ATL03_20230126171849_05671812_006_01.h5,geojsons/simplified_ANT_1000_Peninsula_Ipp-J.geojson,AIS_2022-23_1000_Peninsula_Ipp-J,geojsons/ANT_1000_Peninsula_Ipp-J.geojson
ATL03_20230224155458_10091812_006_01.h5,geojsons/simplified_ANT_1000_Peninsula_Ipp-J.geojson,AIS_2022-23_1000_Peninsula_Ipp-J,geojsons/ANT_1000_Peninsula_Ipp-J.geojson
ATL03_20230228154624_10701812_006_01.h5,geojsons/simplified_ANT_1000_Peninsula_Ipp-J.geojson,AIS_2022-23_1000_Peninsula_Ipp-J,geojsons/ANT_1000_Peninsula_Ipp-J.geojson
ATL03_20211128223538_10301312_006_01.h5,geojsons/simplified_ANT_1000_East_Dp-E.geojson,AIS_2021-22_1000_East_Dp-E,geojsons/ANT_1000_East_Dp-E.geojson
ATL03_20211210221040_12131312_006_01.h5,geojsons/simplified_ANT_1000_East_Dp-E.geojson,AIS_2021-22_1000_East_Dp-E,geojsons/ANT_1000_East_Dp-E.geojson
ATL03_20211214220221_12741312_006_01.h5,geojsons/simplified_ANT_1000_East_Dp-E.geojson,AIS_2021-22_1000_East_Dp-E,geojsons/ANT_1000_East_Dp-E.geojson
ATL03_20211227211141_00851412_006_01.h5,geojsons/simplified_ANT_1000_East_Dp-E.geojson,AIS_2021-22_1000_East_Dp-E,geojsons/ANT_1000_East_Dp-E.geojson
ATL03_20220211060103_07781410_006_01.h5,geojsons/simplified_ANT_1000_East_Dp-E.geojson,AIS_2021-22_1000_East_Dp-E,geojsons/ANT_1000_East_Dp-E.geojson
ATL03_20221127051502_10301712_006_01.h5,geojsons/simplified_ANT_1000_East_Dp-E.geojson,AIS_2022-23_1000_East_Dp-E,geojsons/ANT_1000_East_Dp-E.geojson
ATL03_20230111031740_03291812_006_01.h5,geojsons/simplified_ANT_1000_East_Dp-E.geojson,AIS_2022-23_1000_East_Dp-E,geojsons/ANT_1000_East_Dp-E.geojson
ATL03_20230124022724_05271812_006_01.h5,geojsons/simplified_ANT_1000_East_Dp-E.geojson,AIS_2022-23_1000_East_Dp-E,geojsons/ANT_1000_East_Dp-E.geojson
ATL03_20211123134353_09481312_006_01.h5,geojsons/simplified_ANT_1000_Peninsula_I-Ipp.geojson,AIS_2021-22_1000_Peninsula_I-Ipp,geojsons/ANT_1000_Peninsula_I-Ipp.geojson
ATL03_20211209131037_11921312_006_01.h5,geojsons/simplified_ANT_1000_Peninsula_I-Ipp.geojson,AIS_2021-22_1000_Peninsula_I-Ipp,geojsons/ANT_1000_Peninsula_I-Ipp.geojson
ATL03_20211213130216_12531312_006_01.h5,geojsons/simplified_ANT_1000_Peninsula_I-Ipp.geojson,AIS_2021-22_1000_Peninsula_I-Ipp,geojsons/ANT_1000_Peninsula_I-Ipp.geojson
ATL03_20211217125356_13141312_006_01.h5,geojsons/simplified_ANT_1000_Peninsula_I-Ipp.geojson,AIS_2021-22_1000_Peninsula_I-Ipp,geojsons/ANT_1000_Peninsula_I-Ipp.geojson
ATL03_20220107114637_02471412_006_01.h5,geojsons/simplified_ANT_1000_Peninsula_I-Ipp.geojson,AIS_2021-22_1000_Peninsula_I-Ipp,geojsons/ANT_1000_Peninsula_I-Ipp.geojson
ATL03_20220111113818_03081412_006_01.h5,geojsons/simplified_ANT_1000_Peninsula_I-Ipp.geojson,AIS_2021-22_1000_Peninsula_I-Ipp,geojsons/ANT_1000_Peninsula_I-Ipp.geojson
ATL03_20220122222536_04831410_006_01.h5,geojsons/simplified_ANT_1000_Peninsula_I-Ipp.geojson,AIS_2021-22_1000_Peninsula_I-Ipp,geojsons/ANT_1000_Peninsula_I-Ipp.geojson
ATL03_20220126221715_05441410_006_01.h5,geojsons/simplified_ANT_1000_Peninsula_I-Ipp.geojson,AIS_2021-22_1000_Peninsula_I-Ipp,geojsons/ANT_1000_Peninsula_I-Ipp.geojson
ATL03_20220220210139_09251410_006_01.h5,geojsons/simplified_ANT_1000_Peninsula_I-Ipp.geojson,AIS_2021-22_1000_Peninsula_I-Ipp,geojsons/ANT_1000_Peninsula_I-Ipp.geojson
ATL03_20220224205325_09861410_006_01.h5,geojsons/simplified_ANT_1000_Peninsula_I-Ipp.geojson,AIS_2021-22_1000_Peninsula_I-Ipp,geojsons/ANT_1000_Peninsula_I-Ipp.geojson
ATL03_20221116205713_08721712_006_01.h5,geojsons/simplified_ANT_1000_Peninsula_I-Ipp.geojson,AIS_2022-23_1000_Peninsula_I-Ipp,geojsons/ANT_1000_Peninsula_I-Ipp.geojson
ATL03_20221207194954_11921712_006_01.h5,geojsons/simplified_ANT_1000_Peninsula_I-Ipp.geojson,AIS_2022-23_1000_Peninsula_I-Ipp,geojsons/ANT_1000_Peninsula_I-Ipp.geojson
ATL03_20221215193311_13141712_006_01.h5,geojsons/simplified_ANT_1000_Peninsula_I-Ipp.geojson,AIS_2022-23_1000_Peninsula_I-Ipp,geojsons/ANT_1000_Peninsula_I-Ipp.geojson
ATL03_20221216190734_13291712_006_01.h5,geojsons/simplified_ANT_1000_Peninsula_I-Ipp.geojson,AIS_2022-23_1000_Peninsula_I-Ipp,geojsons/ANT_1000_Peninsula_I-Ipp.geojson
ATL03_20221228184239_01251812_006_01.h5,geojsons/simplified_ANT_1000_Peninsula_I-Ipp.geojson,AIS_2022-23_1000_Peninsula_I-Ipp,geojsons/ANT_1000_Peninsula_I-Ipp.geojson
ATL03_20230105182553_02471812_006_01.h5,geojsons/simplified_ANT_1000_Peninsula_I-Ipp.geojson,AIS_2022-23_1000_Peninsula_I-Ipp,geojsons/ANT_1000_Peninsula_I-Ipp.geojson
ATL03_20230109181735_03081812_006_01.h5,geojsons/simplified_ANT_1000_Peninsula_I-Ipp.geojson,AIS_2022-23_1000_Peninsula_I-Ipp,geojsons/ANT_1000_Peninsula_I-Ipp.geojson
ATL03_20230113180917_03691812_006_01.h5,geojsons/simplified_ANT_1000_Peninsula_I-Ipp.geojson,AIS_2022-23_1000_Peninsula_I-Ipp,geojsons/ANT_1000_Peninsula_I-Ipp.geojson
ATL03_20230203170201_06891812_006_01.h5,geojsons/simplified_ANT_1000_Peninsula_I-Ipp.geojson,AIS_2022-23_1000_Peninsula_I-Ipp,geojsons/ANT_1000_Peninsula_I-Ipp.geojson
ATL03_20230207165341_07501812_006_01.h5,geojsons/simplified_ANT_1000_Peninsula_I-Ipp.geojson,AIS_2022-23_1000_Peninsula_I-Ipp,geojsons/ANT_1000_Peninsula_I-Ipp.geojson
ATL03_20230211164520_08111812_006_01.h5,geojsons/simplified_ANT_1000_Peninsula_I-Ipp.geojson,AIS_2022-23_1000_Peninsula_I-Ipp,geojsons/ANT_1000_Peninsula_I-Ipp.geojson
ATL03_20230215163705_08721812_006_01.h5,geojsons/simplified_ANT_1000_Peninsula_I-Ipp.geojson,AIS_2022-23_1000_Peninsula_I-Ipp,geojsons/ANT_1000_Peninsula_I-Ipp.geojson
ATL03_20211213222217_12591311_006_01.h5,geojsons/simplified_ANT_1000_East_E-Ep.geojson,AIS_2021-22_1000_East_E-Ep,geojsons/ANT_1000_East_E-Ep.geojson
ATL03_20211221220536_13811311_006_01.h5,geojsons/simplified_ANT_1000_East_E-Ep.geojson,AIS_2021-22_1000_East_E-Ep,geojsons/ANT_1000_East_E-Ep.geojson
ATL03_20220111205819_03141411_006_01.h5,geojsons/simplified_ANT_1000_East_E-Ep.geojson,AIS_2021-22_1000_East_E-Ep,geojsons/ANT_1000_East_E-Ep.geojson
ATL03_20220115205000_03751411_006_01.h5,geojsons/simplified_ANT_1000_East_E-Ep.geojson,AIS_2021-22_1000_East_E-Ep,geojsons/ANT_1000_East_E-Ep.geojson
ATL03_20221130052636_10761711_006_01.h5,geojsons/simplified_ANT_1000_East_E-Ep.geojson,AIS_2022-23_1000_East_E-Ep,geojsons/ANT_1000_East_E-Ep.geojson
ATL03_20221204051816_11371711_006_01.h5,geojsons/simplified_ANT_1000_East_E-Ep.geojson,AIS_2022-23_1000_East_E-Ep,geojsons/ANT_1000_East_E-Ep.geojson
ATL03_20221208050954_11981711_006_01.h5,geojsons/simplified_ANT_1000_East_E-Ep.geojson,AIS_2022-23_1000_East_E-Ep,geojsons/ANT_1000_East_E-Ep.geojson
ATL03_20221212050136_12591711_006_01.h5,geojsons/simplified_ANT_1000_East_E-Ep.geojson,AIS_2022-23_1000_East_E-Ep,geojsons/ANT_1000_East_E-Ep.geojson
ATL03_20230102035418_01921811_006_01.h5,geojsons/simplified_ANT_1000_East_E-Ep.geojson,AIS_2022-23_1000_East_E-Ep,geojsons/ANT_1000_East_E-Ep.geojson
ATL03_20230110033736_03141811_006_01.h5,geojsons/simplified_ANT_1000_East_E-Ep.geojson,AIS_2022-23_1000_East_E-Ep,geojsons/ANT_1000_East_E-Ep.geojson
ATL03_20230114032919_03751811_006_01.h5,geojsons/simplified_ANT_1000_East_E-Ep.geojson,AIS_2022-23_1000_East_E-Ep,geojsons/ANT_1000_East_E-Ep.geojson
ATL03_20190523190904_08480305_006_02.h5,geojsons/simplified_GRE_2000_NE.geojson,GrIS_2019_2000_NE,geojsons/GRE_2000_NE.geojson
ATL03_20190613180145_11680305_006_02.h5,geojsons/simplified_GRE_2000_NE.geojson,GrIS_2019_2000_NE,geojsons/GRE_2000_NE.geojson
ATL03_20190625173644_13510305_006_02.h5,geojsons/simplified_GRE_2000_NE.geojson,GrIS_2019_2000_NE,geojsons/GRE_2000_NE.geojson
ATL03_20190903142353_10310405_006_02.h5,geojsons/simplified_GRE_2000_NE.geojson,GrIS_2019_2000_NE,geojsons/GRE_2000_NE.geojson
ATL03_20200521123746_08550703_006_01.h5,geojsons/simplified_GRE_2000_NE.geojson,GrIS_2020_2000_NE,geojsons/GRE_2000_NE.geojson
ATL03_20200619111345_12970703_006_01.h5,geojsons/simplified_GRE_2000_NE.geojson,GrIS_2020_2000_NE,geojsons/GRE_2000_NE.geojson
ATL03_20210613180127_12361103_006_01.h5,geojsons/simplified_GRE_2000_NE.geojson,GrIS_2021_2000_NE,geojsons/GRE_2000_NE.geojson
ATL03_20210625064700_00251205_006_01.h5,geojsons/simplified_GRE_2000_NE.geojson,GrIS_2021_2000_NE,geojsons/GRE_2000_NE.geojson
ATL03_20210703171948_01541203_006_01.h5,geojsons/simplified_GRE_2000_NE.geojson,GrIS_2021_2000_NE,geojsons/GRE_2000_NE.geojson
ATL03_20210715165450_03371203_006_01.h5,geojsons/simplified_GRE_2000_NE.geojson,GrIS_2021_2000_NE,geojsons/GRE_2000_NE.geojson
ATL03_20210724161232_04741203_006_01.h5,geojsons/simplified_GRE_2000_NE.geojson,GrIS_2021_2000_NE,geojsons/GRE_2000_NE.geojson
ATL03_20210830143159_10381203_006_01.h5,geojsons/simplified_GRE_2000_NE.geojson,GrIS_2021_2000_NE,geojsons/GRE_2000_NE.geojson
ATL03_20220517150711_08481505_006_01.h5,geojsons/simplified_GRE_2000_NE.geojson,GrIS_2022_2000_NE,geojsons/GRE_2000_NE.geojson
ATL03_20220602143357_10921505_006_01.h5,geojsons/simplified_GRE_2000_NE.geojson,GrIS_2022_2000_NE,geojsons/GRE_2000_NE.geojson
ATL03_20220607135957_11681505_006_01.h5,geojsons/simplified_GRE_2000_NE.geojson,GrIS_2022_2000_NE,geojsons/GRE_2000_NE.geojson
ATL03_20220627131820_00861605_006_01.h5,geojsons/simplified_GRE_2000_NE.geojson,GrIS_2022_2000_NE,geojsons/GRE_2000_NE.geojson
ATL03_20220701131000_01471605_006_02.h5,geojsons/simplified_GRE_2000_NE.geojson,GrIS_2022_2000_NE,geojsons/GRE_2000_NE.geojson
ATL03_20220710122744_02841605_006_02.h5,geojsons/simplified_GRE_2000_NE.geojson,GrIS_2022_2000_NE,geojsons/GRE_2000_NE.geojson
ATL03_20220718121105_04061605_006_02.h5,geojsons/simplified_GRE_2000_NE.geojson,GrIS_2022_2000_NE,geojsons/GRE_2000_NE.geojson
ATL03_20220808110350_07261605_006_01.h5,geojsons/simplified_GRE_2000_NE.geojson,GrIS_2022_2000_NE,geojsons/GRE_2000_NE.geojson
ATL03_20220820103849_09091605_006_01.h5,geojsons/simplified_GRE_2000_NE.geojson,GrIS_2022_2000_NE,geojsons/GRE_2000_NE.geojson
ATL03_20220828102214_10311605_006_01.h5,geojsons/simplified_GRE_2000_NE.geojson,GrIS_2022_2000_NE,geojsons/GRE_2000_NE.geojson
ATL03_20230516083546_08551903_006_01.h5,geojsons/simplified_GRE_2000_NE.geojson,GrIS_2023_2000_NE,geojsons/GRE_2000_NE.geojson
ATL03_20230528081044_10381903_006_01.h5,geojsons/simplified_GRE_2000_NE.geojson,GrIS_2023_2000_NE,geojsons/GRE_2000_NE.geojson
ATL03_20230614071133_12971903_006_01.h5,geojsons/simplified_GRE_2000_NE.geojson,GrIS_2023_2000_NE,geojsons/GRE_2000_NE.geojson
ATL03_20200524142922_09020703_006_01.h5,geojsons/simplified_GRE_2000_SW.geojson,GrIS_2020_2000_SW,geojsons/GRE_2000_SW.geojson
ATL03_20200622130522_13440703_006_01.h5,geojsons/simplified_GRE_2000_SW.geojson,GrIS_2020_2000_SW,geojsons/GRE_2000_SW.geojson
ATL03_20200725113304_04600803_006_01.h5,geojsons/simplified_GRE_2000_SW.geojson,GrIS_2020_2000_SW,geojsons/GRE_2000_SW.geojson
ATL03_20210723181229_04601203_006_01.h5,geojsons/simplified_GRE_2000_SW.geojson,GrIS_2021_2000_SW,geojsons/GRE_2000_SW.geojson
ATL03_20210817165655_08411203_006_01.h5,geojsons/simplified_GRE_2000_SW.geojson,GrIS_2021_2000_SW,geojsons/GRE_2000_SW.geojson
ATL03_20210821164835_09021203_006_01.h5,geojsons/simplified_GRE_2000_SW.geojson,GrIS_2021_2000_SW,geojsons/GRE_2000_SW.geojson
ATL03_20220603154233_11081505_006_01.h5,geojsons/simplified_GRE_2000_SW.geojson,GrIS_2022_2000_SW,geojsons/GRE_2000_SW.geojson
ATL03_20220628142659_01021605_006_01.h5,geojsons/simplified_GRE_2000_SW.geojson,GrIS_2022_2000_SW,geojsons/GRE_2000_SW.geojson
ATL03_20220702141839_01631605_006_02.h5,geojsons/simplified_GRE_2000_SW.geojson,GrIS_2022_2000_SW,geojsons/GRE_2000_SW.geojson
ATL03_20190608183544_10920305_006_02.h5,geojsons/simplified_GRE_2000_CE.geojson,GrIS_2019_2000_CE,geojsons/GRE_2000_CE.geojson
ATL03_20190825150612_08940405_006_02.h5,geojsons/simplified_GRE_2000_CE.geojson,GrIS_2019_2000_CE,geojsons/GRE_2000_CE.geojson
ATL03_20190903142353_10310405_006_02.h5,geojsons/simplified_GRE_2000_CE.geojson,GrIS_2019_2000_CE,geojsons/GRE_2000_CE.geojson
ATL03_20190907141533_10920405_006_02.h5,geojsons/simplified_GRE_2000_CE.geojson,GrIS_2019_2000_CE,geojsons/GRE_2000_CE.geojson
ATL03_20200601123824_10230703_006_01.h5,geojsons/simplified_GRE_2000_CE.geojson,GrIS_2020_2000_CE,geojsons/GRE_2000_CE.geojson
ATL03_20200626112245_00170803_006_01.h5,geojsons/simplified_GRE_2000_CE.geojson,GrIS_2020_2000_CE,geojsons/GRE_2000_CE.geojson
ATL03_20210526192604_09621103_006_01.h5,geojsons/simplified_GRE_2000_CE.geojson,GrIS_2021_2000_CE,geojsons/GRE_2000_CE.geojson
ATL03_20210731162134_05811203_006_01.h5,geojsons/simplified_GRE_2000_CE.geojson,GrIS_2021_2000_CE,geojsons/GRE_2000_CE.geojson
ATL03_20210825150559_09621203_006_01.h5,geojsons/simplified_GRE_2000_CE.geojson,GrIS_2021_2000_CE,geojsons/GRE_2000_CE.geojson
ATL03_20210829145738_10231203_006_01.h5,geojsons/simplified_GRE_2000_CE.geojson,GrIS_2021_2000_CE,geojsons/GRE_2000_CE.geojson
ATL03_20220614140854_12751505_006_01.h5,geojsons/simplified_GRE_2000_CE.geojson,GrIS_2022_2000_CE,geojsons/GRE_2000_CE.geojson
ATL03_20220726115427_05281605_006_02.h5,geojsons/simplified_GRE_2000_CE.geojson,GrIS_2022_2000_CE,geojsons/GRE_2000_CE.geojson
ATL03_20230621072033_00172003_006_01.h5,geojsons/simplified_GRE_2000_CE.geojson,GrIS_2023_2000_CE,geojsons/GRE_2000_CE.geojson
ATL03_20190529194342_09400305_006_02.h5,geojsons/simplified_GRE_2000_SE.geojson,GrIS_2019_2000_SE,geojsons/GRE_2000_SE.geojson
ATL03_20190730164725_04980405_006_02.h5,geojsons/simplified_GRE_2000_SE.geojson,GrIS_2019_2000_SE,geojsons/GRE_2000_SE.geojson
ATL03_20190803163906_05590405_006_02.h5,geojsons/simplified_GRE_2000_SE.geojson,GrIS_2019_2000_SE,geojsons/GRE_2000_SE.geojson
ATL03_20190828152331_09400405_006_02.h5,geojsons/simplified_GRE_2000_SE.geojson,GrIS_2019_2000_SE,geojsons/GRE_2000_SE.geojson
ATL03_20190901151512_10010405_006_02.h5,geojsons/simplified_GRE_2000_SE.geojson,GrIS_2019_2000_SE,geojsons/GRE_2000_SE.geojson
ATL03_20200525140342_09170703_006_01.h5,geojsons/simplified_GRE_2000_SE.geojson,GrIS_2020_2000_SE,geojsons/GRE_2000_SE.geojson
ATL03_20210822162256_09171203_006_01.h5,geojsons/simplified_GRE_2000_SE.geojson,GrIS_2021_2000_SE,geojsons/GRE_2000_SE.geojson
ATL03_20220625140939_00561605_006_01.h5,geojsons/simplified_GRE_2000_SE.geojson,GrIS_2022_2000_SE,geojsons/GRE_2000_SE.geojson
ATL03_20220629140122_01171605_006_01.h5,geojsons/simplified_GRE_2000_SE.geojson,GrIS_2022_2000_SE,geojsons/GRE_2000_SE.geojson
ATL03_20220724124546_04981605_006_02.h5,geojsons/simplified_GRE_2000_SE.geojson,GrIS_2022_2000_SE,geojsons/GRE_2000_SE.geojson
ATL03_20220826111333_10011605_006_01.h5,geojsons/simplified_GRE_2000_SE.geojson,GrIS_2022_2000_SE,geojsons/GRE_2000_SE.geojson
ATL03_20200520143742_08410703_006_01.h5,geojsons/simplified_GRE_2000_CW.geojson,GrIS_2020_2000_CW,geojsons/GRE_2000_CW.geojson
ATL03_20200618131341_12830703_006_01.h5,geojsons/simplified_GRE_2000_CW.geojson,GrIS_2020_2000_CW,geojsons/GRE_2000_CW.geojson
ATL03_20200717114945_03380803_006_01.h5,geojsons/simplified_GRE_2000_CW.geojson,GrIS_2020_2000_CW,geojsons/GRE_2000_CW.geojson
ATL03_20210616195304_12831103_006_01.h5,geojsons/simplified_GRE_2000_CW.geojson,GrIS_2021_2000_CW,geojsons/GRE_2000_CW.geojson
ATL03_20230515103543_08411903_006_01.h5,geojsons/simplified_GRE_2000_CW.geojson,GrIS_2023_2000_CW,geojsons/GRE_2000_CW.geojson
ATL03_20190527190044_09090305_006_02.h5,geojsons/simplified_GRE_2000_NE.geojson,GrIS_2019_2000_NE,geojsons/GRE_2000_NE.geojson
ATL03_20190617175325_12290305_006_02.h5,geojsons/simplified_GRE_2000_NE.geojson,GrIS_2019_2000_NE,geojsons/GRE_2000_NE.geojson
ATL03_20190716162917_02840405_006_02.h5,geojsons/simplified_GRE_2000_NE.geojson,GrIS_2019_2000_NE,geojsons/GRE_2000_NE.geojson
ATL03_20190720162059_03450405_006_02.h5,geojsons/simplified_GRE_2000_NE.geojson,GrIS_2019_2000_NE,geojsons/GRE_2000_NE.geojson
ATL03_20190724161242_04060405_006_02.h5,geojsons/simplified_GRE_2000_NE.geojson,GrIS_2019_2000_NE,geojsons/GRE_2000_NE.geojson
ATL03_20190728160425_04670405_006_02.h5,geojsons/simplified_GRE_2000_NE.geojson,GrIS_2019_2000_NE,geojsons/GRE_2000_NE.geojson
ATL03_20190801155607_05280405_006_02.h5,geojsons/simplified_GRE_2000_NE.geojson,GrIS_2019_2000_NE,geojsons/GRE_2000_NE.geojson
ATL03_20190830143213_09700405_006_02.h5,geojsons/simplified_GRE_2000_NE.geojson,GrIS_2019_2000_NE,geojsons/GRE_2000_NE.geojson
ATL03_20200611113024_11750703_006_01.h5,geojsons/simplified_GRE_2000_NE.geojson,GrIS_2020_2000_NE,geojsons/GRE_2000_NE.geojson
ATL03_20210519082737_08481105_006_01.h5,geojsons/simplified_GRE_2000_NE.geojson,GrIS_2021_2000_NE,geojsons/GRE_2000_NE.geojson
ATL03_20210519191705_08551103_006_01.h5,geojsons/simplified_GRE_2000_NE.geojson,GrIS_2021_2000_NE,geojsons/GRE_2000_NE.geojson
ATL03_20210523190845_09161103_006_01.h5,geojsons/simplified_GRE_2000_NE.geojson,GrIS_2021_2000_NE,geojsons/GRE_2000_NE.geojson
ATL03_20210527081057_09701105_006_01.h5,geojsons/simplified_GRE_2000_NE.geojson,GrIS_2021_2000_NE,geojsons/GRE_2000_NE.geojson
ATL03_20210527190025_09771103_006_01.h5,geojsons/simplified_GRE_2000_NE.geojson,GrIS_2021_2000_NE,geojsons/GRE_2000_NE.geojson
ATL03_20210604075418_10921105_006_01.h5,geojsons/simplified_GRE_2000_NE.geojson,GrIS_2021_2000_NE,geojsons/GRE_2000_NE.geojson
ATL03_20210617175307_12971103_006_01.h5,geojsons/simplified_GRE_2000_NE.geojson,GrIS_2021_2000_NE,geojsons/GRE_2000_NE.geojson
ATL03_20210629063841_00861205_006_01.h5,geojsons/simplified_GRE_2000_NE.geojson,GrIS_2021_2000_NE,geojsons/GRE_2000_NE.geojson
ATL03_20210818145659_08551203_006_01.h5,geojsons/simplified_GRE_2000_NE.geojson,GrIS_2021_2000_NE,geojsons/GRE_2000_NE.geojson
ATL03_20220521145848_09091505_006_01.h5,geojsons/simplified_GRE_2000_NE.geojson,GrIS_2022_2000_NE,geojsons/GRE_2000_NE.geojson
ATL03_20220525145029_09701505_006_01.h5,geojsons/simplified_GRE_2000_NE.geojson,GrIS_2022_2000_NE,geojsons/GRE_2000_NE.geojson
ATL03_20220529144215_10311505_006_01.h5,geojsons/simplified_GRE_2000_NE.geojson,GrIS_2022_2000_NE,geojsons/GRE_2000_NE.geojson
ATL03_20220623132645_00251605_006_01.h5,geojsons/simplified_GRE_2000_NE.geojson,GrIS_2022_2000_NE,geojsons/GRE_2000_NE.geojson
ATL03_20220706123604_02231605_006_02.h5,geojsons/simplified_GRE_2000_NE.geojson,GrIS_2022_2000_NE,geojsons/GRE_2000_NE.geojson
ATL03_20220722120246_04671605_006_02.h5,geojsons/simplified_GRE_2000_NE.geojson,GrIS_2022_2000_NE,geojsons/GRE_2000_NE.geojson
ATL03_20220726115427_05281605_006_02.h5,geojsons/simplified_GRE_2000_NE.geojson,GrIS_2022_2000_NE,geojsons/GRE_2000_NE.geojson
ATL03_20220803113748_06501605_006_01.h5,geojsons/simplified_GRE_2000_NE.geojson,GrIS_2022_2000_NE,geojsons/GRE_2000_NE.geojson
ATL03_20230523212939_09701905_006_01.h5,geojsons/simplified_GRE_2000_NE.geojson,GrIS_2023_2000_NE,geojsons/GRE_2000_NE.geojson
ATL03_20230524081907_09771903_006_01.h5,geojsons/simplified_GRE_2000_NE.geojson,GrIS_2023_2000_NE,geojsons/GRE_2000_NE.geojson
ATL03_20230527212116_10311905_006_01.h5,geojsons/simplified_GRE_2000_NE.geojson,GrIS_2023_2000_NE,geojsons/GRE_2000_NE.geojson
ATL03_20230610071953_12361903_006_01.h5,geojsons/simplified_GRE_2000_NE.geojson,GrIS_2023_2000_NE,geojsons/GRE_2000_NE.geojson
ATL03_20230617201346_13511905_006_01.h5,geojsons/simplified_GRE_2000_NE.geojson,GrIS_2023_2000_NE,geojsons/GRE_2000_NE.geojson
ATL03_20230621200525_00252005_006_01.h5,geojsons/simplified_GRE_2000_NE.geojson,GrIS_2023_2000_NE,geojsons/GRE_2000_NE.geojson
ATL03_20200520143742_08410703_006_01.h5,geojsons/simplified_GRE_2000_SW.geojson,GrIS_2020_2000_SW,geojsons/GRE_2000_SW.geojson
ATL03_20200618131341_12830703_006_01.h5,geojsons/simplified_GRE_2000_SW.geojson,GrIS_2020_2000_SW,geojsons/GRE_2000_SW.geojson
ATL03_20210624193624_00181203_006_01.h5,geojsons/simplified_GRE_2000_SW.geojson,GrIS_2021_2000_SW,geojsons/GRE_2000_SW.geojson
ATL03_20210719182049_03991203_006_01.h5,geojsons/simplified_GRE_2000_SW.geojson,GrIS_2021_2000_SW,geojsons/GRE_2000_SW.geojson
ATL03_20220526155907_09861505_006_01.h5,geojsons/simplified_GRE_2000_SW.geojson,GrIS_2022_2000_SW,geojsons/GRE_2000_SW.geojson
ATL03_20220530155054_10471505_006_01.h5,geojsons/simplified_GRE_2000_SW.geojson,GrIS_2022_2000_SW,geojsons/GRE_2000_SW.geojson
ATL03_20230515103543_08411903_006_01.h5,geojsons/simplified_GRE_2000_SW.geojson,GrIS_2023_2000_SW,geojsons/GRE_2000_SW.geojson
ATL03_20230519102721_09021903_006_01.h5,geojsons/simplified_GRE_2000_SW.geojson,GrIS_2023_2000_SW,geojsons/GRE_2000_SW.geojson
ATL03_20190531185224_09700305_006_02.h5,geojsons/simplified_GRE_2000_CE.geojson,GrIS_2019_2000_CE,geojsons/GRE_2000_CE.geojson
ATL03_20200528124644_09620703_006_01.h5,geojsons/simplified_GRE_2000_CE.geojson,GrIS_2020_2000_CE,geojsons/GRE_2000_CE.geojson
ATL03_20200630111425_00780803_006_01.h5,geojsons/simplified_GRE_2000_CE.geojson,GrIS_2020_2000_CE,geojsons/GRE_2000_CE.geojson
ATL03_20200704110604_01390803_006_01.h5,geojsons/simplified_GRE_2000_CE.geojson,GrIS_2020_2000_CE,geojsons/GRE_2000_CE.geojson
ATL03_20210530191745_10231103_006_01.h5,geojsons/simplified_GRE_2000_CE.geojson,GrIS_2021_2000_CE,geojsons/GRE_2000_CE.geojson
ATL03_20210628175348_00781203_006_01.h5,geojsons/simplified_GRE_2000_CE.geojson,GrIS_2021_2000_CE,geojsons/GRE_2000_CE.geojson
ATL03_20210702174528_01391203_006_01.h5,geojsons/simplified_GRE_2000_CE.geojson,GrIS_2021_2000_CE,geojsons/GRE_2000_CE.geojson
ATL03_20210727162953_05201203_006_01.h5,geojsons/simplified_GRE_2000_CE.geojson,GrIS_2021_2000_CE,geojsons/GRE_2000_CE.geojson
ATL03_20220602143357_10921505_006_01.h5,geojsons/simplified_GRE_2000_CE.geojson,GrIS_2022_2000_CE,geojsons/GRE_2000_CE.geojson
ATL03_20220627131820_00861605_006_01.h5,geojsons/simplified_GRE_2000_CE.geojson,GrIS_2022_2000_CE,geojsons/GRE_2000_CE.geojson
ATL03_20220701131000_01471605_006_02.h5,geojsons/simplified_GRE_2000_CE.geojson,GrIS_2022_2000_CE,geojsons/GRE_2000_CE.geojson
ATL03_20220828102214_10311605_006_01.h5,geojsons/simplified_GRE_2000_CE.geojson,GrIS_2022_2000_CE,geojsons/GRE_2000_CE.geojson
ATL03_20230523084446_09621903_006_01.h5,geojsons/simplified_GRE_2000_CE.geojson,GrIS_2023_2000_CE,geojsons/GRE_2000_CE.geojson
ATL03_20190726165542_04370405_006_02.h5,geojsons/simplified_GRE_2000_SE.geojson,GrIS_2019_2000_SE,geojsons/GRE_2000_SE.geojson
ATL03_20200611130441_11760703_006_01.h5,geojsons/simplified_GRE_2000_SE.geojson,GrIS_2020_2000_SE,geojsons/GRE_2000_SE.geojson
ATL03_20210720175509_04141203_006_01.h5,geojsons/simplified_GRE_2000_SE.geojson,GrIS_2021_2000_SE,geojsons/GRE_2000_SE.geojson
ATL03_20220523154147_09401505_006_01.h5,geojsons/simplified_GRE_2000_SE.geojson,GrIS_2022_2000_SE,geojsons/GRE_2000_SE.geojson
ATL03_20220613143434_12601505_006_01.h5,geojsons/simplified_GRE_2000_SE.geojson,GrIS_2022_2000_SE,geojsons/GRE_2000_SE.geojson
ATL03_20220617142615_13211505_006_01.h5,geojsons/simplified_GRE_2000_SE.geojson,GrIS_2022_2000_SE,geojsons/GRE_2000_SE.geojson
ATL03_20220621141801_13821505_006_01.h5,geojsons/simplified_GRE_2000_SE.geojson,GrIS_2022_2000_SE,geojsons/GRE_2000_SE.geojson
ATL03_20220716130221_03761605_006_02.h5,geojsons/simplified_GRE_2000_SE.geojson,GrIS_2022_2000_SE,geojsons/GRE_2000_SE.geojson
ATL03_20220720125403_04371605_006_02.h5,geojsons/simplified_GRE_2000_SE.geojson,GrIS_2022_2000_SE,geojsons/GRE_2000_SE.geojson
ATL03_20200626125702_00180803_006_01.h5,geojsons/simplified_GRE_2000_NW.geojson,GrIS_2020_2000_NW,geojsons/GRE_2000_NW.geojson
ATL03_20210706191124_02011203_006_01.h5,geojsons/simplified_GRE_2000_NW.geojson,GrIS_2021_2000_NW,geojsons/GRE_2000_NW.geojson
ATL03_20200516144602_07800703_006_01.h5,geojsons/simplified_GRE_2000_CW.geojson,GrIS_2020_2000_CW,geojsons/GRE_2000_CW.geojson
ATL03_20210715182907_03381203_006_01.h5,geojsons/simplified_GRE_2000_CW.geojson,GrIS_2021_2000_CW,geojsons/GRE_2000_CW.geojson
ATL03_20210531080238_10311105_006_01.h5,geojsons/simplified_GRE_2000_NE.geojson,GrIS_2021_2000_NE,geojsons/GRE_2000_NE.geojson
ATL03_20210912134123_12361203_006_02.h5,geojsons/simplified_GRE_2000_NE.geojson,GrIS_2021_2000_NE,geojsons/GRE_2000_NE.geojson
ATL03_20220619133458_13511505_006_01.h5,geojsons/simplified_GRE_2000_NE.geojson,GrIS_2022_2000_NE,geojsons/GRE_2000_NE.geojson
ATL03_20190728160425_04670405_006_02.h5,geojsons/simplified_GRE_2000_CE.geojson,GrIS_2019_2000_CE,geojsons/GRE_2000_CE.geojson
ATL03_20190805154748_05890405_006_02.h5,geojsons/simplified_GRE_2000_CE.geojson,GrIS_2019_2000_CE,geojsons/GRE_2000_CE.geojson
ATL03_20200802094208_05810803_006_01.h5,geojsons/simplified_GRE_2000_CE.geojson,GrIS_2020_2000_CE,geojsons/GRE_2000_CE.geojson
ATL03_20190602193522_10010305_006_02.h5,geojsons/simplified_GRE_2000_SE.geojson,GrIS_2019_2000_SE,geojsons/GRE_2000_SE.geojson
ATL03_20220515155834_08181505_006_01.h5,geojsons/simplified_GRE_2000_SE.geojson,GrIS_2022_2000_SE,geojsons/GRE_2000_SE.geojson
ATL03_20220527153329_10011505_006_01.h5,geojsons/simplified_GRE_2000_SE.geojson,GrIS_2022_2000_SE,geojsons/GRE_2000_SE.geojson
ATL03_20220728123724_05591605_006_02.h5,geojsons/simplified_GRE_2000_SE.geojson,GrIS_2022_2000_SE,geojsons/GRE_2000_SE.geojson
ATL03_20220822112150_09401605_006_01.h5,geojsons/simplified_GRE_2000_SE.geojson,GrIS_2022_2000_SE,geojsons/GRE_2000_SE.geojson
ATL03_20220611135135_12291505_006_01.h5,geojsons/simplified_GRE_2000_NE.geojson,GrIS_2022_2000_NE,geojsons/GRE_2000_NE.geojson
ATL03_20210620194444_13441103_006_01.h5,geojsons/simplified_GRE_2000_SW.geojson,GrIS_2021_2000_SW,geojsons/GRE_2000_SW.geojson
ATL03_20190830143213_09700405_006_02.h5,geojsons/simplified_GRE_2000_CE.geojson,GrIS_2019_2000_CE,geojsons/GRE_2000_CE.geojson
ATL03_20200729095028_05200803_006_01.h5,geojsons/simplified_GRE_2000_CE.geojson,GrIS_2020_2000_CE,geojsons/GRE_2000_CE.geojson
ATL03_20220623132645_00251605_006_01.h5,geojsons/simplified_GRE_2000_CE.geojson,GrIS_2022_2000_CE,geojsons/GRE_2000_CE.geojson
ATL03_20230527083622_10231903_006_01.h5,geojsons/simplified_GRE_2000_CE.geojson,GrIS_2023_2000_CE,geojsons/GRE_2000_CE.geojson
ATL03_20190128154108_04760212_006_02.h5,geojsons/simplified_ANT_1000_Peninsula_Hp-I.geojson,AIS_2018-19_1000_Peninsula_Hp-I,geojsons/ANT_1000_Peninsula_Hp-I.geojson
ATL03_20181224163017_13290112_006_02.h5,geojsons/simplified_ANT_1000_Peninsula_I-Ipp.geojson,AIS_2018-19_1000_Peninsula_I-Ipp,geojsons/ANT_1000_Peninsula_I-Ipp.geojson
ATL03_20181227164736_13750112_006_02.h5,geojsons/simplified_ANT_1000_Peninsula_I-Ipp.geojson,AIS_2018-19_1000_Peninsula_I-Ipp,geojsons/ANT_1000_Peninsula_I-Ipp.geojson
ATL03_20190113154835_02470212_006_02.h5,geojsons/simplified_ANT_1000_Peninsula_I-Ipp.geojson,AIS_2018-19_1000_Peninsula_I-Ipp,geojsons/ANT_1000_Peninsula_I-Ipp.geojson
ATL03_20201229080133_00811010_006_01.h5,geojsons/simplified_ANT_1000_East_B-C.geojson,AIS_2020-21_1000_East_B-C,geojsons/ANT_1000_East_B-C.geojson
ATL03_20190105142520_01240211_006_02.h5,geojsons/simplified_ANT_1000_East_Jpp-K.geojson,AIS_2018-19_1000_East_Jpp-K,geojsons/ANT_1000_East_Jpp-K.geojson
ATL03_20201201182533_10470910_006_01.h5,geojsons/simplified_ANT_1000_Peninsula_Hp-I.geojson,AIS_2020-21_1000_Peninsula_Hp-I,geojsons/ANT_1000_Peninsula_Hp-I.geojson
ATL03_20230107032559_02681812_006_01.h5,geojsons/simplified_ANT_1000_East_Dp-E.geojson,AIS_2022-23_1000_East_Dp-E,geojsons/ANT_1000_East_Dp-E.geojson
ATL03_20221219192450_13751712_006_01.h5,geojsons/simplified_ANT_1000_Peninsula_I-Ipp.geojson,AIS_2022-23_1000_Peninsula_I-Ipp,geojsons/ANT_1000_Peninsula_I-Ipp.geojson
ATL03_20230114174339_03841812_006_01.h5,geojsons/simplified_ANT_1000_Peninsula_I-Ipp.geojson,AIS_2022-23_1000_Peninsula_I-Ipp,geojsons/ANT_1000_Peninsula_I-Ipp.geojson
ATL03_20230216161125_08871812_006_01.h5,geojsons/simplified_ANT_1000_Peninsula_I-Ipp.geojson,AIS_2022-23_1000_Peninsula_I-Ipp,geojsons/ANT_1000_Peninsula_I-Ipp.geojson
